Node1,Node2,Weight
Largo de Sao Francisco, Largo Leoes do Penedo,1600
Rua Peao da Meia Laranja, Rua da Fontinha,2900
Rua do Lameirao, Rua de Sao Geraldo,2000
Rua da Granja, Rua do Caires,2700
Rua Doutor Custodio Silva, Campo das Hortas,800
Campo das Carvalheiras, Rua Dom Gualdim Pais,1700
Travessa do Condestavel, Rua dos Rochas,2100
Rua da Levandeira, Rua do Correlo,900
Rua das Portas, Rua Joaquim Ribeiro Moura,2200
Praca do Municipio, Rua do Feijo,4000
Travessa do Beco, Rotunda Santos da Cunha,4300
Rua Costa Gomes, Rua das Alminhas,4000
Travessa Juiz Antonio Candido Gomes, Rua Costa Gomes,1400
Rua Maria da Fonte, Rua Fernando Namora,1000
Rua Padre Martinho da Silva, Terreiro do Castelo,1600
Rua do Barral, Largo Sao Joao do Souto,2400
Rua Maria Anjos Barbosa, Rua da Aldeia,3700
Largo das Alminhas, Rua do Mercado Municipal,1100
Rua Manuel Peixoto, Rua dos Falcoes,2800
Rua Senhor da Agonia, Rotunda Santos da Cunha,4700
Rua da Naia, Rua de Agua Levada,2700
Largo de Santiago, Rua Eca de Queiros,1200
Rua de Santiago, Rua do Monte,3100
Rua da Granja, Rua de Santo Antonio,900
Terreiro do Castelo, Largo Leoes do Penedo,4600
Rua de Abraao, Rua Moura Coutinho,4300
Rua Tenente Coronel Dias Pereira, Rua Sao Sebastiao,2000
Rua Doutor Augusto Martins Ferreira, Rua Madre de Deus,3100
Largo de Santiago, Rua Magalhaes Lima,2900
Rua Moura Coutinho, Rua Infante Dom Henrique,2100
Travessa da Calcada, Rua Professor Abel Salazar,2000
Rua da Pedreira, Travessa da Trastola,4400
Rua do Penedo, Avenida Conde Dom Henrique,1500
Rua Poca de Chidelas, Rua Pedro Magalhaes Gondavo,3600
Largo da Praca Velha, Rua Dom Gualdim Pais,4300
Largo Leoes do Penedo, Rua do Lameirao,4500
Rua Bouca do Pinheiro, Largo Barbosa e Castro,2500
Rua da Violinha, Rua da Fonte Lameira,3800
Rua Martim Moniz, Rua Fotografo Arcelino,3800
Rua de Sao Sebastiao, Rua Maria da Costa,2100
Rua de Sao Marcos, Rua da Escola,2900
Rua Joaquim Teixeira Serra, Rua Luis de Camoes,2100
Rua Adelino Amaro da Costa, Rua Padre Augusto J. Borges de Sa,3000
Rua Dom Afonso Henriques, Rua Madre de Deus,2900
Praca do Municipio, Travessa da Estrada de Mirao,800
Rua Andrade Corvo, Travessa de Laranjeiras,4500
Largo do Barao de Sao Martinho, Rua Mouzinho de Alquerque,1200
Rua Tenente Coronel Dias Pereira, Travessa Padre Cruz,4700
Rua dos Bombeiros Voluntarios, Rua da Escola,3700
Avenida Orfaos de Sao Caetano, Rua Armando Rodrigues,3700
Rua da Barranha, Travessa de Sao Pedro,900
Rua do Castelo, Avenida Conde Dom Henrique,1600
Rua dos Capelistas, Rua da Misericordia,3500
Rua Senhor da Agonia, Rua do Faria,3700
Rua da Fontinha, Rua Adelino Amaro da Costa,1500
Rua Bouca do Pinheiro, Rua do Cruzeiro,500
Rua Cruz de Pedra, Rua Monsenhor Airosa,1500
Rua Fernando Namora, Rua Sao Tome e Principe,3100
Rua do Penedo, Rua Padre Armando Lira,1500
Praca Municipal, Rua da Trastola,1800
Rua Senhor da Agonia, Rua do Cabido,2200
Largo da Madre de Deus, Rua da Boavista,2600
Rua de Samarus, Travessa de Barredo,2500
Praca Camilo Castelo Branco, Rua da Ponte Pedrinha,4400
Rua de Abraao, Rua Dom Paio Mendes,4400
Rua de Abraao, Rua Fernando Namora,1300
Rua Juiz Antonio Candido Gomes, Avenida 25 de Abril,500
Rua do Castelo, Rua do Monte,2700
Praca do Condestavel, Rua de Sao Paulo,2800
Rua de St Antonio, Rua das Alminhas,1300
Rua das Barranheiras, Largo de Santa Cruz,4800
Praceta Padre Sena de Freitas, Rua da Ribela,2500
Rua Fundo de Arcas, Rua da Granja,5000
Rua da Bela Vista, Rua da Trastola,3800
Rua Manuel Peixoto, Bairro Manuel Machado,2800
Campo das Carvalheiras, Rua do Anjo,500
Rua Dom Goncalo Pereira, Rua dos Biscainhos,1300
Praca Municipal, Rua dos Bombeiros Voluntarios,2300
Rua da Fonte Lameira, Rua do Feijo,4300
Rua dos Lourais, Avenida Conde Dom Henrique,4100
Largo do Paco, Travessa Padre Cruz,4700
Travessa da Boavista, Rua Maria Anjos Barbosa,3100
Praceta Padre Diamantino Martins, Rua de Macau,1100
Rua Professora Maria Amelia Maia, Rua da Naia,3100
Rua do Feijo, Largo Leoes do Penedo,2100
Travessa da Boavista, Praca Doutor Jose Ferreira Salgado,3900
Travessa Martim Moniz, Rua do Cruzeiro,5000
Rua da Ponte Pedrinha, Rua do Farto,2600
Rua da Sanseriga, Rua Cidade do Porto,1700
Rua da Granja, Rua do Monte,1500
Rua da Misericordia, Rua dos Osorios,2000
Largo do Paco, Rua do Faria,1100
Rua Santos Lima, Rua Sao Martinho,700
Praca Camilo Castelo Branco, Rua Dom Diogo de Sousa,4700
Rua Dom Gualdim Pais, Rua Sao Sebastiao,3100
Rua da Aldeia de Cima, Rua Casa do Senhor,1700
Rua da Fonte, Rua de Santo Antonio,1300
Rua Castelo de Lanhoso, Rua da Ribela,1900
Rua Joaquim Ribeiro Moura, Rua Dom Gualdim Pais,500
Rua Eca de Queiros, Avenida Sao Pedro de Maximinos,1000
Rua de Santo Estevao, Rua de Sao Paulo,3600
Rua da Naia, Rua do Burgo,700
Rua Cruz de Pedra, Rua da Aldeia de Cima,500
Rua 5 de Outubro, Rua do Anjo,2800
Praceta Padre Diamantino Martins, Rua do Moinho Velho,1200
Rua de Sao Bentinho, Rua do Cruzeiro,1100
Avenida dos Bombeiros Voluntarios, Rua Doutor Augusto Martins Ferreira,5000
Travessa da Boavista, Rua da Calcada,3600
Largo Barbosa e Castro, Rua da Boavista,1500
Travessa da Cerca do Selho, Travessa Peao da Meia Laranja,2000
Rua dos Lourais, Praceta de S.Tiago,2600
Rua da Violinha, Rua da Serra,2000
Rua Manuel Peixoto, Rua do Caires,5000
Rua do Farto, Avenida 25 de Abril,3200
Avenida 25 de Abril, Rua da Boavista,900
Avenida 25 de Abril, Travessa da Mourama,4300
Travessa de Laranjeiras, Rua das Portas,1200
Rua do Polidesportivo, Rua das Barranheiras,700
Travessa dos Gaiteiros, Rua Peao da Meia Laranja,2700
Rua Padre Cruz, Rua da Granja,2400
Rua dos Barreiros, Rua Eca de Queiros,2600
Rua do Lameirao, Rua das Barranheiras,1200
Praceta do Magisterio, Rua de Sao Paulo,1200
Rua de Santo Antonio das Travessas, Rua do Salgueiral,3000
Rua da Violinha, Rua da Naia,1500
Praca do Condestavel, Rua do Piairo,3800
Praca Municipal, Praceta de S.Tiago,3100
Largo das Alminhas, Travessa Padre Cruz,2200
Rua Azevedo Coutinho, Rua Nossa Senhora de Fatima,1400
Rua Manuel Tomaz, Rua Joaquim Ribeiro Moura,1500
Rua do Polidesportivo, Rua Damiao de Gois,1300
Rua de Valcovo, Rua da Ponte Pedrinha,2400
Rua Campo das Parretas, Rua dos Paiois,4000
Rua Padre Martinho da Silva, Rua dos Cutileiros,3500
Rua de Macau, Rua Tenente Coronel Dias Pereira,4200
Rua Doutor Felicissimo Campos, Largo Nossa Senhora da Boa Luz,1700
Rua de Santo Tirso, Rua dos Lourais,4600
Rua do Lameirao, Rua da Aldeia,2700
Bairro Manuel Machado, Rua Infante Dom Henrique,1600
Largo de Sao Francisco, Avenida Orfaos de Sao Caetano,4400
Rua Francisco Sanches, Rua Caes de Pedra,4900
Rua Padre Armando Lira, Rua Maria da Fonte,700
Travessa da Arrufina, Rua da Fonte,2300
Rua de Longainho, Travessa de Longainho,2400
Rua Manuel Tomaz, Rua Professora Maria Amelia Maia,3300
Rua do Portelo, Rua da Fontinha,4800
Rua de Arcas, Largo de Sao Francisco,3100
Rua do Polidesportivo, Rua Quinta do Abraao,600
Terreiro do Castelo, Rotunda Santos da Cunha,1000
Rua de Arcas, Rua da Ponte Pedrinha,1900
Rua 5 de Outubro, Rua da Ribela,2900
Rua do Portelo, Rua Padre Armando Lira,3900
Travessa de Sao Pedro, Rua Pedro Alvares Cabral,1700
Largo Nossa Senhora da Boa Luz, Praca Conselheiro Torres de Almeida,4100
Rua de Santo Tirso, Rua Juiz Antonio Candido Gomes,2900
Travessa A da Boavista, Circular Norte de Braga,3900
Rua Oneca Mendes, Travessa Professor Joaquim Garcia Guimaraes,4300
Rua Padre Francisco Alves Pinheiro, Praca Conselheiro Torres de Almeida,800
Rua Castelo de Lanhoso, Rua de Santa Tecla,5000
Rua da Fontinha, Largo do Barao de Sao Martinho,3600
Travessa da Estrada de Mirao, Travessa Padre Cruz,600
Bairro Manuel Machado, Rua do Alcaide,3200
Travessa Padre Cruz, Rua Lopes Goncalves,2000
Rua Pedro Alvares Cabral, Rua do Mercado Municipal,2800
Rua Monsenhor Airosa, Largo das Alminhas,3400
Rua dos Biscainhos, Rua Armando Rodrigues,2100
Rua da Misericordia, Rua de Santiago,5000
Rua Doutor Custodio Silva, Rua Fernando Namora,2600
Praceta do Magisterio, Rua de Valcovo,3400
Praca Conde de Agrolongo, Rua de Sao Marcos,1800
Rua Fotografo Arcelino, Praceta de S.Tiago,3000
Rua Lopes Goncalves, Largo da Praca Velha,2800
Rua do Lameirao, Rua Diogo de Teive,2300
Rua Padre Francisco Alves Pinheiro, Rua do Matadouro,1100
Rua do Matadouro, Rua Tenente Coronel Dias Pereira,4700
Rua dos Moinhos, Rua Tenente Coronel Dias Pereira,3000
Rua da Granja, Rua de Portas,3600
Largo das Alminhas, Rua de Mirao,3100
Travessa A da Boavista, Rua Infante Dom Henrique,4700
Rua do Portelo, Travessa Martim Moniz,3300
Campo das Carvalheiras, Avenida Orfaos de Sao Caetano,1300
Rua Joaquim Ferreira da Silva, Rua da Pedreira,3700
Travessa da Mourama, Rua de Moure,3500
Rua da Granja, Trilho dos Moinhos do Pontido,1000
Travessa Martim Moniz, Rua dos Bombeiros Voluntarios,4100
Rua do Castelo, Rua de Santo Estevao,2500
Campo das Carvalheiras, Rua Doutor Augusto Martins Ferreira,3800
Rua Nossa Senhora de Fatima, Rua do Caires,900
Rua Bouca do Pinheiro, Largo Nossa Senhora da Boa Luz,3700
Rua de Sao Paulo, Rua de Sao Paulo,4300
Rua da Aldeia, Rua da Calcada,2700
Rua Almeida Garrett, Praca Camilo Castelo Branco,3000
Praca Conde Agrolongo, Travessa de Barredo,4800
Rua Ponte de Pereiros, Travessa A da Boavista,3500
Circular Norte de Braga, Rua do Lameirao,800
Rua Luis de Camoes, Rua Santos Lima,4300
Largo 12 de Dezembro, Rua Damiao de Gois,2700
Rua Professor Mota Leite, Rua Diogo de Teive,1200
Rua do Monte, Rua da Boavista,3300
Rua Capitao Tinoco de Faria, Rua do Castanheiro,4900
Rua dos Capelistas, Rua Doutor Custodio Silva,2100
Rua da Trastola, Praca Camilo Castelo Branco,900
Rua Padre Augusto J. Borges de Sa, Rua do Piairo,3200
Rua Martim Moniz, Rua de Arcas,3800
Rua do Caires, Rua Sao Sebastiao,500
Rua das Veigas, Rua Padre Augusto J. Borges de Sa,2900
Rua do Caires, Largo de Sao Paulo,3000
Rua do Visconde de Pindela, Avenida Orfaos de Sao Caetano,4800
Rua de St Antonio, Rua do Passadico,3300
Rua de Santa Tecla, Rua de Portas,4300
Rua Pedro Alvares Cabral, Largo Barbosa e Castro,3400
Rua de Calva, Rua Doutor Felicissimo Campos,2700
Largo das Alminhas, Travessa da Trastola,2900
Rua do Lameirao, Rua Cidade do Porto,3000
Travessa de Caires, Rua Baden-Powel,2300
Rua dos Largos, Rua Irmaos Roby,2100
Travessa do Beco, Rua das Portas,700
Rua do Visconde de Pindela, Travessa do Condestavel,2700
Rua da Misericordia, Rua da Trastola,800
Travessa da Arrufina, Rua da Ribela,2100
Rua Gualdino Correia, Rua Senhor da Agonia,4100
Calcada de Cones, Rua dos Bombeiros Voluntarios,2500
Largo de Sao Francisco, Rua Doutor Felicissimo Campos,500
Travessa do Condestavel, Rua Mario Lopes da Silva,4000
Campo das Hortas, Rua do Alcaide,2200
Rua Angelo Frondoni, Rua do Rego,4500
Rua Campo das Parretas, Largo Leoes do Penedo,2500
Rua do Marco, Rua da Bela Vista,1900
Largo da Alegria, Rua do Barreiro,4500
Rua dos Paiois, Rua Nossa Senhora de Fatima,4800
Rua da Pedreira, Rua dos Osorios,1100
Rua dos Rochas, Rua Diogo de Teive,2600
Largo do Beco, Travessa Diogo de Teive,3000
Rua Direita, Travessa de Sao Pedro,5000
Praca do Municipio, Rua Pedro Magalhaes Gondavo,800
Travessa de Longainho, Rua da Boavista,1400
Rua Costa Gomes, Travessa da Calcada,4700
Rua da Barranha, Rua do Passadico,3500
Campo das Hortas, Rua do Faria,5000
Rua Direita, Praca Conde de Agrolongo,3800
Rua Dom Diogo de Sousa, Rua do Burgo,1600
Rua do Barral, Praca Conde Agrolongo,3800
Rua do Matadouro, Rua de Arcas,2900
Rua da Boavista, Rua Professor Abel Salazar,4500
Rua do Souto, Rua Mario Lopes da Silva,1400
Rua Mario Lopes da Silva, Rua Cardoso Avelino,2700
Rua da Feira, Rua de Samarus,3200
Rua Dom Diogo de Sousa, Rua Maria Anjos Barbosa,2500
Rua Professor Abel Salazar, Rua da Escola,800
Rua Bouca do Pinheiro, Rua Castelo de Lanhoso,2500
Rua do Rego, Rua dos Biscainhos,4700
Travessa Professor Joaquim Garcia Guimaraes, Rua do Passadico,3600
Avenida 25 de Abril, Rua Azevedo Coutinho,2100
Largo do Beco, Calcada de Cones,3800
Rua do Barreiro, Travessa de Laranjeiras,2400
Rua do Alcaide, Rua dos Barreiros,2400
Rua da Sanseriga, Rua Baden-Powel,3800
Rua Mario Lopes da Silva, Rossio da Se,4000
Rua dos Capelistas, Rua do Monte,1000
Rua da Fontinha, Rua Magalhaes Lima,700
Rua Nova da Estacao, Rua do Cruzeiro,3100
Rua Padre Augusto J. Borges de Sa, Rua do Monte,2000
Rua do Alcaide, Largo de Maximinos,3500
Rua da Sanseriga, Rua da Sanseriga,1000
Rua Diogo de Teive, Rua da Mourama,3500
Rua da Sanseriga, Rua Caes de Pedra,4800
Bairro Manuel Machado, Rua da Fontinha,4900
Rua Lopes Goncalves, Rua Manuel Tomaz,3000
Rua Dom Afonso Henriques, Rua da Naia,2800
Travessa da Fontinha, Bairro Manuel Machado,2500
Rua Padre Armando Lira, Rua dos Biandos,1900
Travessa Padre Cruz, Largo Sao Joao do Souto,3200
Travessa Juiz Antonio Candido Gomes, Rua Andrade Corvo,4400
Rua dos Rochas, Rua Cardoso Avelino,4300
Rua das Alminhas, Rua Costa Gomes,3500
Rua de Sao Geraldo, Rua Gualdino Correia,4800
Rua da Feira, Largo Carlos Amarante,1300
Rua Costa Gomes, Rua de Mirao,2900
Rua de Abraao, Rua de Calva,2200
Largo 12 de Dezembro, Rua Damiao de Gois,4000
Praca Conde Agrolongo, Rua de Sao Sebastiao,2800
Rua Rei Ramiro, Rua de Santa Justa,3800
Rua Dom Diogo de Sousa, Rua da Aldeia de Cima,2900
Rua Caes de Pedra, Travessa da Mourama,1200
Rua de Santa Justa, Rua da Bela Vista,900
Calcada de Cones, Rua do Concelheiro Jeronimo Pimentel,900
Rua de Sao Sebastiao, Rua de Sao Paulo,1200
Travessa dos Gaiteiros, Praca Doutor Jose Ferreira Salgado,3000
Rua Armando Rodrigues, Travessa de Longainho,2100
Rua de Calva, Rua de Portas,2100
Rua do Pelourinho, Rua 5 de Outubro,3400
Rua Doutor Custodio Silva, Largo da Alegria,5000
Travessa de Barredo, Rua da Aldeia,1700
Travessa da Mourama, Rua Lopes Goncalves,800
Rua Tanque da Veiga, Rua Dom Frei Caetano Brandao,2800
Rua da Mourama, Rua das Alminhas,2400
Rua de Calva, Rua de Santiago,4300
Travessa Padre Cruz, Travessa da Trastola,1900
Calcada de Cones, Rua Lopes Goncalves,1300
Rua Dom Goncalo Pereira, Rua Damiao de Gois,1200
Bairro Manuel Machado, Travessa da Mourama,2600
Rua da Sanseriga, Rua Manuel Tomaz,2000
Rua de Amarelos, Rua do Portelo,800
Rua das Alminhas, Rua da Trastola,600
Rua do Castelo, Trilho dos Moinhos do Pontido,4100
Rua Pedro Magalhaes Gondavo, Rua do Mercado Municipal,4000
Rua dos Largos, Rua de Valcovo,1800
Largo da Praca Velha, Rua do Lameirao,3200
Rua Rei Ramiro, Praceta do Magisterio,2700
Rua Veiga de Agra, Rua da Misericordia,4800
Travessa Diogo de Teive, Rua Dom Frei Caetano Brandao,2500
Rua de Santo Tirso, Rua Padre Martinho da Silva,4400
Rua Poca de Chidelas, Rua do Faria,3100
Rua da Mourama, Bairro Manuel Machado,3700
Largo de Sao Francisco, Rua Gil Eanes,2300
Praca Camilo Castelo Branco, Rua do Pelourinho,3400
Rua do Forno, Rua Diogo de Teive,800
Rua da Levandeira, Rua Oneca Mendes,2200
Rua da Igreja, Rua Padre Martinho da Silva,2800
Terreiro do Castelo, Rua Peao da Meia Laranja,4400
Rua Casa do Senhor, Rua de Barredo,1000
Praca do Municipio, Rua da Pedreira,3300
Rua do Longainho, Rua Senhor da Agonia,1400
Rua Maria Anjos Barbosa, Rua da Sanseriga,3900
Travessa de Laranjeiras, Rua da Pedreira,4900
Rua Dom Gualdim Pais, Rua do Penedo,4500
Rua do Rego, Travessa da Arrufina,700
Rua de Amarelos, Rua Miguel Torga,2400
Travessa da Calcada, Rua Casa do Senhor,3000
Rua da Naia, Rua Monsenhor Airosa,1900
Rua Professor Mota Leite, Rua dos Capelistas,2500
Rua do Anjo, Travessa de Barredo,2500
Rua Juiz Antonio Candido Gomes, Rua de Longainho,1900
Rua dos Bombeiros Voluntarios, Largo de Santiago,3200
Rua Tanque da Veiga, Largo do Paco,2200
Travessa da Cerca do Selho, Rua da Naia,3200
Largo da Praca Velha, Rua do Cruzeiro,3700
Rua do Anjo, Rua dos Lourais,3000
Rua Padre Francisco Alves Pinheiro, Rua dos Lourais,1000
Rua dos Paiois, Largo de Santiago,1600
Rua Castelo de Lanhoso, Rua Capitao Tinoco de Faria,2000
Travessa da Pisca, Rua Gil Eanes,3100
Rua de Moure, Praca do Condestavel,1100
Rua Bouca do Pinheiro, Rua do Salgueiral,2700
Rua dos Falcoes, Rua Doutor Custodio Silva,2700
Rua Padre Cruz, Travessa do Condestavel,2100
Rua Cidade do Porto, Rua da Fontinha,3100
Rua Poca de Chidelas, Rua Martim Moniz,600
Rua Doutor Justino Cruz, Rua Quinta do Abraao,3300
Rua Cidade do Porto, Travessa do Condestavel,2000
Rua Martim Moniz, Rua Monsenhor Airosa,2900
Travessa Diogo de Teive, Rua Tanque da Veiga,1400
Rua Prof. Antonio Marques Dias da Silva, Rua do Monte,4100
Rua de Sao Marcos, Rua do Passadico,3600
Largo da Praca Velha, Rua de Calva,4800
Rua Sao Martinho, Rua dos Osorios,2700
Rua Sao Tome e Principe, Rua Gil Eanes,2200
Travessa A da Boavista, Rua do Robalo,3700
Rua de Agua Levada, Rua Infante Dom Henrique,4100
Rua Damiao de Gois, Avenida 25 de Abril,4700
Rua do Paco, Rua do Piairo,800
Rua Veiga de Agra, Travessa da Calcada,4900
Rua de Barredo, Rua Almeida Garrett,2600
Rua Sao Sebastiao, Travessa Diogo de Teive,1500
Travessa Padre Cruz, Rua de Santo Tirso,4700
Rua Irmaos Roby, Travessa Professor Joaquim Garcia Guimaraes,4100
Rua Adelino Amaro da Costa, Travessa da Estrada de Mirao,2300
Bairro Manuel Machado, Rua Nossa Senhora de Fatima,4100
Praceta Padre Diamantino Martins, Rua dos Moinhos,800
Rua de Santo Antonio das Travessas, Rua Professor Mota Leite,2900
Travessa da Fontinha, Rua da Ribela,2200
Avenida dos Bombeiros Voluntarios, Rua de Sao Joao,1000
Travessa da Estrada de Mirao, Avenida 25 de Abril,1400
Rua Caes de Pedra, Travessa Juiz Antonio Candido Gomes,2100
Rua Madre de Deus, Rua do Castanheiro,4800
Largo do Paco, Praceta de S.Tiago,4500
Praceta de S.Tiago, Calcada de Cones,1500
Rua dos Biandos, Rua Armando Rodrigues,3800
Rua de Calva, Rua Joao Azeredo,600
Rua Veiga de Agra, Travessa Padre Cruz,1500
Rua Damiao de Gois, Rua de Agua Levada,4200
Rua Fernando Namora, Rua Cardoso Avelino,4300
Rua Lopes Goncalves, Rua do Souto,1000
Rua do Cabido, Rua Santos Lima,4800
Rua Joaquim Ribeiro Moura, Travessa da Boavista,4700
Rua da Bela Vista, Travessa da Pisca,700
Rua Luis de Camoes, Rua dos Barreiros,1200
Rua da Aldeia, Rua de Sao Sebastiao,1400
Rua de Moure, Avenida 25 de Abril,3800
Rua Dom Paio Mendes, Largo do Beco,2000
Rua de St Antonio, Rua Capitao Tinoco de Faria,4700
Rua Doutor Felicissimo Campos, Rua Maria Costa,3500
Rua de Santa Tecla, Rua Dom Goncalo Pereira,3800
Praca Conde Agrolongo, Rua Doutor Justino Cruz,3000
Rua Dom Goncalo Pereira, Trilho dos Moinhos do Pontido,500
Rua das Portas, Rua do Passadico,1300
Rua Capitao Tinoco de Faria, Rua da Fonte,3300
Praca Municipal, Rua do Polidesportivo,3800
Largo do Paco, Largo do Paco,1900
Rua da Mourama, Rua Manuel Carneiro,3800
Rua Juiz Antonio Candido Gomes, Rua Nossa Senhora de Fatima,1900
Rua de Sao Geraldo, Rua Lopes Goncalves,4300
Rua de Mirao, Rua do Robalo,1000
Rua de Samarus, Rua de Arcas,2800
Rua de Santa Justa, Calcada de Cones,1800
Rua Padre Augusto J. Borges de Sa, Rua da Violinha,1600
Rua Manuel Tomaz, Largo Sao Joao do Souto,2100
Rua Manuel Tomaz, Travessa de Longainho,4100
Rua Mario Lopes da Silva, Rua do Feijo,1800
Rua do Anjo, Largo de Maximinos,4200
Avenida Orfaos de Sao Caetano, Rua do Cruzeiro,3800
Rua Peao da Meia Laranja, Rua Maria Costa,1100
Rua Doutor Rocha Peixoto, Rua Bouca do Pinheiro,4900
Rua Cidade do Porto, Rua Casa do Senhor,2800
Rua de Santo Estevao, Rua Doutor Rocha Peixoto,1800
Rua de Santiago, Rua dos Lourais,3600
Rua do Caires, Rua Doutor Justino Cruz,1700
Largo Leoes do Penedo, Avenida Conde Dom Henrique,600
Rua do Caires, Praca Conde Agrolongo,1600
Rua Santos Lima, Rua Professora Maria Amelia Maia,2500
Rua do Piairo, Rua Nossa Senhora de Fatima,3700
Praceta Padre Diamantino Martins, Rua Infante Dom Henrique,2300
Rua de Sao Paulo, Rua Maria Anjos Barbosa,2100
Rua Madre de Deus, Rua da Aldeia,4500
Campo das Carvalheiras, Largo Sao Joao do Souto,4900
Travessa da Fontinha, Rua do Moinho Velho,3100
Largo 12 de Dezembro, Rua Infante Dom Henrique,1000
Rua Doutor Augusto Martins Ferreira, Rua dos Largos,4000
Praceta Padre Diamantino Martins, Terreiro do Castelo,3700
Rua da Pedreira, Rua da Naia,2600
Rua Costa Gomes, Rua Costa Gomes,4100
Rua de Samarus, Rua 5 de Outubro,1100
Rua Adelino Amaro da Costa, Rua Pedro Ourives,4200
Rua da Barranha, Travessa da Estrada de Mirao,4700
Praca do Condestavel, Rua da Quinta de Santa Maria,2800
Rua Ponte de Pereiros, Rua do Cabido,700
Praca Engenheiro Armando Rodrigues, Rua Manuel Tomaz,2300
Rua Professor Mota Leite, Rua Doutor Justino Cruz,3100
Travessa Martim Moniz, Rua da Quinta de Santa Maria,3800
Rua Dom Afonso Henriques, Rua de Santo Estevao,4200
Praceta Padre Diamantino Martins, Rua Dom Paio Mendes,800
Calcada de Cones, Rua de Santo Tirso,2600
Rua Madre de Deus, Rua dos Osorios,5000
Rua dos Biandos, Rua do Souto,1700
Rua Gil Eanes, Travessa da Boavista,1100
Rua de Santo Estevao, Rua Costa Gomes,4200
Praca Doutor Jose Ferreira Salgado, Rua Dom Diogo de Sousa,1000
Rua dos Falcoes, Rua da Feira,4400
Rua Dom Afonso Henriques, Rua de Mirao,2100
Rua Almeida Garrett, Rua do Burgo,3800
Travessa do Beco, Praca Conde de Agrolongo,3400
Rua Ponte de Pereiros, Largo Paulo Orosio,4300
Calcada de Cones, Rua Maria Costa,3300
Circular Norte de Braga, Rua dos Biscainhos,5000
Rua da Fonte Lameira, Rua Direita,1300
Travessa Professor Joaquim Garcia Guimaraes, Rua Pedro Alvares Cabral,1200
Rua do Alcaide, Largo do Paco,2300
Rua Maria Costa, Rua da Pedreira,3300
Praca Conde de Agrolongo, Rua do Monte,4400
Largo do Beco, Rua de Mirao,3200
Rua Nova da Estacao, Rua da Pedreira,1800
Rua Fernando Namora, Rua do Passadico,1300
Rua de Sao Geraldo, Rua da Violinha,2600
Rua de Mirao, Rua Madre de Deus,1800
Rua do Penedo, Praca do Municipio,1100
Rua Gil Eanes, Rua de Longainho,4200
Rua Moura Coutinho, Travessa de Barredo,4200
Rua da Aldeia, Rua Juiz Antonio Candido Gomes,3000
Travessa da Calcada, Rua Doutor Rocha Peixoto,900
Travessa Martim Moniz, Rua Costa Gomes,3700
Rua Eca de Queiros, Rua da Fontinha,2000
Travessa Professor Joaquim Garcia Guimaraes, Praceta do Magisterio,3600
Travessa de Laranjeiras, Rua Doutor Felicissimo Campos,4100
Rua Oneca Mendes, Rua Eca de Queiros,500
Rua Bouca do Pinheiro, Rua de Barredo,2200
Rua Irmaos Roby, Rua dos Biandos,3400
Rua da Serra, Rua Oneca Mendes,4600
Rua de Guichomar, Rua Joaquim Ribeiro Moura,4600
Campo das Hortas, Rua Alfredo Vieira Gomes,2400
Largo do Barao de Sao Martinho, Rua Tenente Coronel Dias Pereira,4200
Largo de Sao Francisco, Rua de Guichomar,3400
Largo da Estacao, Praca Conde Agrolongo,3800
Rua do Longainho, Avenida 25 de Abril,700
Rua Doutor Felicissimo Campos, Rua Manuel Peixoto,900
Rua de Amarelos, Rua Padre Cruz,3100
Rua Senhor da Agonia, Largo da Estacao,2900
Rossio da Se, Rua Diogo de Teive,3100
Rua do Cruzeiro, Rua Castelo de Lanhoso,4000
Rua Alfredo Vieira Gomes, Rua das Portas,2800
Rua Damiao de Gois, Rua do Faria,1400
Travessa da Estrada de Mirao, Avenida dos Bombeiros Voluntarios,5000
Rua do Souto, Rua dos Capelistas,2500
Largo da Praca Velha, Rua do Piairo,3200
Rua dos Capelistas, Travessa da Trastola,5000
Largo Barbosa e Castro, Rua Cardoso Avelino,2100
Travessa da Fontinha, Rua Cremildo Pereira,1200
Rua do Pelourinho, Rua Mouzinho de Alquerque,4900
Rua Dom Paio Mendes, Rossio da Se,3200
Rua da Igreja, Rua Dom Diogo de Sousa,1900
Rua Quinta do Abraao, Rua do Faria,2500
Rua Dom Afonso Henriques, Rua Doutor Justino Cruz,2800
Rua da Misericordia, Rua Professor Abel Salazar,500
Rua Mouzinho de Alquerque, Rua de Sao Bentinho,2900
Circular Norte de Braga, Rua Manuel Joaquim Gomes,1600
Rua Irmaos Roby, Rua Doutor Custodio Silva,2400
Rua Azevedo Coutinho, Avenida Conde Dom Henrique,4400
Rua de Sao Geraldo, Rua de Tresuveiras,2500
Rua dos Biandos, Rua de Sao Geraldo,2000
Rua da Ribela, Rua dos Moinhos,2000
Rua da Misericordia, Rua Dom Frei Caetano Brandao,2300
Largo das Alminhas, Rua do Souto,4100
Largo Nossa Senhora da Boa Luz, Rua 5 de Outubro,2200
Largo de Maximinos, Rua Sao Sebastiao,1100
Travessa da Mourama, Rua Manuel Joaquim Gomes,3900
Rua do Penedo, Praca Camilo Castelo Branco,1400
Rua de Barredo, Travessa da Calcada,1400
Rua da Misericordia, Rua Manuel Peixoto,800
Rua Joaquim Teixeira Serra, Rua Fundo de Arcas,2700
Rua do Castelo, Largo do Barao de Sao Martinho,3100
Rua da Fontinha, Rua da Calcada,2400
Rua dos Biandos, Rua Joao Azeredo,2800
Rua dos Barreiros, Largo da Madre de Deus,4100
Rua Pedro Alvares Cabral, Largo de Maximinos,2300
Largo Nossa Senhora da Boa Luz, Travessa da Mourama,3700
Rua Gil Eanes, Avenida 25 de Abril,2500
Rua do Faria, Rua da Fonte,1700
Rua Sao Tome e Principe, Rua de Agua Levada,600
Travessa da Trastola, Travessa da Fontinha,4100
Rua das Quintaes, Rua de Calva,3500
Rua do Barral, Avenida Sao Miguel-o-Anjo,1000
Rua de Santo Estevao, Rua Manuel Ferreira Araujo,1600
Rua Tenente Coronel Dias Pereira, Rua Nossa Senhora de Fatima,4500
Largo da Alegria, Travessa Juiz Antonio Candido Gomes,3900
Rua Irmaos Roby, Avenida dos Bombeiros Voluntarios,1400
Terreiro do Castelo, Rua do Pelourinho,3000
Praca Conde Agrolongo, Rua Padre Luis Portela,3900
Rua Nova da Estacao, Rua Mouzinho de Alquerque,3700
Rua Maria Costa, Largo de Maximinos,4500
Rua Rei Ramiro, Rua dos Barreiros,1700
Circular Norte de Braga, Rua do Cruzeiro,700
Rua Gil Eanes, Largo Nossa Senhora da Boa Luz,2500
Rua Artur da Silva, Largo Barbosa e Castro,2200
Rua do Moinho Velho, Rua da Misericordia,4000
Largo Barbosa e Castro, Rua Mouzinho de Alquerque,4300
Rua da Feira, Travessa de Longainho,1600
Rua Sao Martinho, Rua Angelo Frondoni,1900
Rua de Macau, Rua da Quinta de Santa Maria,4100
Rua de Amarelos, Rotunda Santos da Cunha,2300
Rua do Caires, Rua de Valcovo,2100
Avenida Sao Miguel-o-Anjo, Largo do Barao de Sao Martinho,2400
Rua Joaquim Ferreira da Silva, Rua Maria Anjos Barbosa,4100
Rua da Bela Vista, Rua Ponte de Pereiros,4500
Rua da Boavista, Largo Sao Joao do Souto,1500
Rua Mouzinho de Alquerque, Rua Padre Luis Portela,2200
Avenida Conde Dom Henrique, Rua Pedro Ourives,3200
Rua dos Cutileiros, Rua Casa do Senhor,2200
Rua dos Paiois, Rua da Serra,1400
Rua Professor Mota Leite, Avenida Sao Miguel-o-Anjo,3000
Praca Conde de Agrolongo, Rua do Caires,1400
Rua Doutor Custodio Silva, Rua Prof. Antonio Marques Dias da Silva,1100
Rua Diogo de Teive, Rua do Cabido,2900
Rua Maria da Costa, Rua da Fontinha,2300
Rua de Santiago, Rua Capitao Tinoco de Faria,600
Rua dos Moinhos, Rua Poca de Chidelas,2300
Rua da Misericordia, Rua do Feijo,4200
Rua Maria da Costa, Rua do Farto,2800
Rua Dr. Manuel Ferreira, Rua do Mercado Municipal,4100
Rua Diogo de Teive, Rua Oneca Mendes,5000
Rua Joaquim Ribeiro Moura, Rua do Pelourinho,1400
Travessa da Pisca, Rua Moura Coutinho,1800
Rua Infante Dom Henrique, Travessa dos Gaiteiros,1800
Rua Inacio Jose Peixoto, Largo Barbosa e Castro,4900
Praceta Padre Sena de Freitas, Rua da Serra,800
Circular Norte de Braga, Rua Luis de Camoes,900
Travessa Diogo de Teive, Rua Mouzinho de Alquerque,2100
Rua Direita, Rua de Sao Marcos,1900
Travessa Professor Joaquim Garcia Guimaraes, Rua da Trastola,3300
Rua Fundo de Arcas, Rua Moura Coutinho,4300
Rua do Lameirao, Travessa do Condestavel,4600
Rua da Ponte Pedrinha, Rua Diogo de Teive,1300
Rua dos Rochas, Rua de Sao Paulo,1300
Rua Sao Martinho, Rua dos Rochas,600
Rua Dom Gualdim Pais, Rua de Santo Estevao,5000
Travessa da Trastola, Avenida Imaculada Conceicao,4600
Rua Santos Lima, Rua do Salgueiral,2500
Rua dos Moinhos, Praca Camilo Castelo Branco,4300
Rua da Serra, Praceta Padre Diamantino Martins,600
Rua da Mourama, Rua Dom Paio Mendes,2800
Rua do Monte, Rua dos Moinhos,900
Rua da Pedreira, Rua Dom Frei Caetano Brandao,1500
Rua Casa do Senhor, Rua do Cruzeiro,4700
Praca Conselheiro Torres de Almeida, Travessa Peao da Meia Laranja,500
Rua Artur da Silva, Rua do Barral,3500
Rua da Boavista, Calcada de Cones,2100
Rua da Igreja, Rua Manuel Joaquim Gomes,1000
Rua de Valcovo, Rua Nossa Senhora do Leite,5000
Rua da Calcada, Rua do Cabido,4100
Rua Pedro Alvares Cabral, Rua Direita,5000
Largo de Santiago, Rua Lopes Goncalves,4100
Avenida Conde Dom Henrique, Rua Dom Goncalo Pereira,2400
Rua de Agua Levada, Travessa de Barredo,500
Rua Pedro Ourives, Rua de Moure,4700
Rua Pedro Alvares Cabral, Rua Dom Goncalo Pereira,2300
Largo Barbosa e Castro, Rua Cremildo Pereira,3200
Rua de Guichomar, Rua Doutor Augusto Martins Ferreira,700
Rua do Cabido, Travessa da Mourama,500
Rua Bouca do Pinheiro, Travessa Professor Joaquim Garcia Guimaraes,500
Rua das Portas, Rua de Guichomar,3600
Rua das Alminhas, Rua do Lameirao,3000
Travessa Professor Joaquim Garcia Guimaraes, Praceta Padre Diamantino Martins,4600
Rua Sao Sebastiao, Rua Infante Dom Henrique,900
Rua dos Paiois, Circular Norte de Braga,3300
Praceta Padre Diamantino Martins, Rua do Anjo,1700
Travessa de Caires, Rua das Alminhas,1000
Rua de Santo Tirso, Rua Damiao de Gois,2600
Rua dos Barreiros, Rua da Feira,1100
Rua Bouca do Pinheiro, Rua Damiao de Gois,4200
Rua do Rego, Rua do Caires,4300
Rua de Longainho, Rua Pedro Ourives,5000
Avenida Conde Dom Henrique, Rua Joaquim Ferreira da Silva,3200
Rua Baden-Powel, Rua dos Paiois,4900
Rua Joaquim Teixeira Serra, Rua da Escola,2500
Travessa do Beco, Praceta de S.Tiago,4200
Largo Barbosa e Castro, Rua Sao Tome e Principe,600
Rua de Sao Bentinho, Largo de Maximinos,4600
Largo da Madre de Deus, Praca Conde de Agrolongo,1500
Travessa da Fontinha, Travessa do Condestavel,1300
Rua Manuel Joaquim Gomes, Travessa Diogo de Teive,2400
Rua do Penedo, Travessa do Condestavel,1900
Rua Peao da Meia Laranja, Rua da Naia,1000
Rua Nova da Estacao, Rua da Fonte,1500
Largo Barbosa e Castro, Rua Andrade Corvo,3300
Travessa da Boavista, Rua Nossa Senhora do Leite,4700
Rua Oneca Mendes, Rua da Misericordia,3700
Rua do Mercado Municipal, Rua de Santa Tecla,600
Rua Doutor Felicissimo Campos, Travessa da Arrufina,4200
Praca Conselheiro Torres de Almeida, Rua da Mourama,2800
Rua do Correlo, Rua dos Largos,2800
Rua de Tresuveiras, Rua da Boavista,1700
Rua Joao Azeredo, Largo de Santiago,4300
Rua da Misericordia, Rua Doutor Custodio Silva,2000
Rua Manuel Ferreira Araujo, Praca Conde Agrolongo,3900
Rua das Barranheiras, Largo Leoes do Penedo,1900
Largo da Estacao, Rua da Fonte,4700
Rua da Escola, Rua do Caires,3800
Rua dos Biandos, Rua Maria da Fonte,1800
Rua do Concelheiro Jeronimo Pimentel, Praca do Condestavel,3100
Praca do Condestavel, Rua de Sao Sebastiao,4400
Rotunda Lions Clube de Braga, Avenida Sao Miguel-o-Anjo,4700
Praca Engenheiro Armando Rodrigues, Rua de Santo Antonio,3200
Rua do Farto, Rua Veiga de Agra,4800
Rua Capitao Alberto de Matos, Rua da Sanseriga,2600
Rua do Moinho Velho, Rua da Barranha,1400
Rua Casa do Senhor, Rua Prof. Antonio Marques Dias da Silva,1800
Rua Doutor Augusto Martins Ferreira, Rua do Farto,1500
Rua Quinta do Abraao, Largo 12 de Dezembro,700
Travessa Professor Joaquim Garcia Guimaraes, Praca Conde de Agrolongo,3800
Rua Francisco Sanches, Rua do Robalo,1100
Rua do Robalo, Rua da Sanseriga,800
Rua Fernando Namora, Rotunda Lions Clube de Braga,4300
Travessa Juiz Antonio Candido Gomes, Rua do Concelheiro Jeronimo Pimentel,4700
Largo das Alminhas, Rua do Polidesportivo,4300
Rua Professora Maria Amelia Maia, Rua Damiao de Gois,600
Rua Adelino Amaro da Costa, Travessa da Cerca do Selho,4800
Rua Dom Diogo de Sousa, Rua de Amarelos,2500
Rua dos Largos, Rua de Guichomar,4300
Rua Manuel Carneiro, Rua de Arcas,2800
Rua da Pedreira, Rua de Sao Paulo,4800
Rua do Mercado Municipal, Rua Eca de Queiros,3800
Rua Artur da Silva, Rua do Paco,4000
Rua Almeida Garrett, Rua do Visconde de Pindela,4700
Rua do Souto, Rua de Santiago,2700
Rua Manuel Ferreira Araujo, Travessa Juiz Antonio Candido Gomes,3100
Largo de Sao Francisco, Rua Padre Martinho da Silva,500
Rua de Sao Marcos, Rua Juiz Antonio Candido Gomes,2900
Rua das Alminhas, Rua de Sao Geraldo,800
Rua Santos Lima, Travessa da Arrufina,4100
Travessa do Beco, Rua do Cabido,2800
Rua da Aldeia, Rua do Castelo,1200
Rua Capitao Alberto de Matos, Rua da Granja,1600
Rua de Sao Sebastiao, Rua Mouzinho de Alquerque,1800
Largo da Praca Velha, Rua do Burgo,1100
Rua Mario Lopes da Silva, Rua do Visconde de Pindela,4000
Rua Pedro Alvares Cabral, Rua Padre Augusto J. Borges de Sa,4100
Rua Maria da Costa, Travessa Juiz Antonio Candido Gomes,600
Terreiro do Castelo, Rua dos Largos,2600
Rua Fernando Namora, Rua Irmaos Roby,2100
Campo das Hortas, Rua do Correlo,4500
Rua de Mirao, Rua dos Paiois,3500
Rua do Mercado Municipal, Rua Cidade do Porto,800
Largo do Barao de Sao Martinho, Praca do Municipio,4300
Rua do Marco, Rua da Igreja,600
Rua Veiga de Agra, Calcada de Cones,5000
Rua da Escola, Rua Fernando Namora,4500
Rua do Cruzeiro, Rua Fotografo Arcelino,2300
Rua da Aldeia de Cima, Rua Senhor da Agonia,2400
Campo das Carvalheiras, Rua Padre Augusto J. Borges de Sa,1200
Avenida Imaculada Conceicao, Rua da Bela Vista,4400
Rua Eca de Queiros, Rua Dom Goncalo Pereira,3900
Largo Nossa Senhora da Boa Luz, Largo Paulo Orosio,3000
Rua de Santo Estevao, Rua do Caires,1900
Rua dos Bombeiros Voluntarios, Rua do Piairo,3300
Rua Nossa Senhora de Fatima, Travessa da Boavista,4000
Travessa da Mourama, Travessa Padre Cruz,3500
Largo Carlos Amarante, Rua Manuel Ferreira Araujo,1100
Travessa da Calcada, Rua Manuel Peixoto,2000
Travessa do Beco, Largo do Barao de Sao Martinho,1600
Rua Martim Moniz, Rua da Ribela,2000
Rua da Escola, Campo das Carvalheiras,1200
Rua Miguel Torga, Rua Doutor Rocha Peixoto,2100
Rua Irmaos Roby, Rotunda Lions Clube de Braga,2900
Praceta Padre Sena de Freitas, Rua do Passadico,3300
Travessa de Barredo, Rua Manuel Tomaz,1300
Rua Almeida Garrett, Rua Casa do Senhor,3900
Rua Fotografo Arcelino, Largo da Estacao,4900
Travessa da Boavista, Rua da Bela Vista,4500
Largo da Alegria, Rua da Feira,3600
Rua do Matadouro, Rua do Penedo,2700
Rua do Passadico, Rua de Amarelos,3100
Rua Maria Anjos Barbosa, Rua Diogo de Teive,4300
Rua da Misericordia, Praca Conde Agrolongo,1000
Travessa Padre Cruz, Rua da Violinha,700
Rua de Janes, Rua Juiz Antonio Candido Gomes,500
Rua de Longainho, Rua da Violinha,1900
Rua Infante Dom Henrique, Rua do Moinho Velho,2700
Rua Poca de Chidelas, Travessa da Arrufina,1700
Rua Manuel Tomaz, Rua Padre Martinho da Silva,3600
Praca Conde Agrolongo, Rua Doutor Augusto Martins Ferreira,1500
Praca Municipal, Rua Dom Gualdim Pais,3600
Rua Fundo de Arcas, Rotunda Santos da Cunha,3600
Rua Juiz Antonio Candido Gomes, Rua Dom Diogo de Sousa,4500
Rotunda Lions Clube de Braga, Rua Sao Sebastiao,1900
Rua de Sao Bentinho, Rua Caes de Pedra,4300
Rua da Aldeia de Cima, Rua Alfredo Vieira Gomes,3400
Rua do Marco, Rua Joao Azeredo,3600
Rua de Abraao, Rua Dom Goncalo Pereira,2500
Rua da Misericordia, Rua da Levandeira,2800
Rua Casa do Senhor, Rua dos Barreiros,3700
Rua da Fonte, Rua Francisco Sanches,4300
Rua Joao Azeredo, Praceta Padre Diamantino Martins,4700
Rua da Pedreira, Praceta do Magisterio,4100
Rua de Macau, Rua das Barranheiras,1000
Avenida dos Bombeiros Voluntarios, Travessa de Laranjeiras,700
Rua Nova da Estacao, Rua Artur da Silva,3200
Rua Infante Dom Henrique, Rua Ponte de Pereiros,2700
Calcada de Cones, Rua Doutor Custodio Silva,2900
Rua Dom Frei Caetano Brandao, Rua do Portelo,2400
Rua Fernando Namora, Travessa Diogo de Teive,4500
Rua Nossa Senhora de Fatima, Rua da Fonte Lameira,1100
Rua da Fonte, Travessa Padre Cruz,4800
Rua do Passadico, Rua de Longainho,1800
Rua Baden-Powel, Largo da Alegria,3500
Rua Doutor Rocha Peixoto, Rua Infante Dom Henrique,2700
Rua de Janes, Rua Nova da Estacao,3700
Rua do Anjo, Rua do Castanheiro,4000
Rua Doutor Augusto Martins Ferreira, Rua Doutor Augusto Martins Ferreira,4000
Largo da Estacao, Praca do Municipio,700
Rua do Castanheiro, Rua do Visconde de Pindela,4500
Praca Municipal, Rua Doutor Custodio Silva,2700
Rua Monsenhor Airosa, Largo de Sao Francisco,3300
Rua Fotografo Arcelino, Rua Pedro Ourives,4000
Rua Rei Ramiro, Rua Joao Azeredo,2200
Rua da Bela Vista, Rua Castelo de Lanhoso,4800
Rua Oneca Mendes, Rua Nossa Senhora de Fatima,3700
Rua do Castanheiro, Rua Maria Anjos Barbosa,3700
Rua Alfredo Vieira Gomes, Travessa do Condestavel,800
Praceta do Magisterio, Rua das Veigas,1100
Largo 12 de Dezembro, Rua dos Paiois,2500
Avenida Orfaos de Sao Caetano, Rua Dom Afonso Henriques,2600
Rua da Misericordia, Rua dos Biandos,3700
Rua Angelo Frondoni, Travessa dos Gaiteiros,2600
Largo Carlos Amarante, Rua das Portas,2700
Largo das Alminhas, Rua Pedro Magalhaes Gondavo,1000
Rua Nossa Senhora de Fatima, Rua de Mirao,500
Rua de Calva, Rua Madre de Deus,2200
Rua Dom Afonso Henriques, Rua Poca de Chidelas,1000
Rua Nova da Estacao, Rua dos Barreiros,2000
Rua de Santa Tecla, Rua da Fonte,4300
Rua Diogo de Teive, Rua Doutor Felicissimo Campos,4700
Rua Dom Paio Mendes, Rua Professor Mota Leite,3500
Rua do Paco, Rua dos Biandos,1200
Rua Nossa Senhora de Fatima, Rua do Burgo,3100
Rua Manuel Peixoto, Rua Senhor da Agonia,1200
Rua da Ribela, Rua Doutor Felicissimo Campos,4500
Rua Dr. Avelino Pereira de Carvalho, Rua Maria da Costa,3000
Largo Leoes do Penedo, Rua do Alcaide,2000
Rua das Barranheiras, Rua Alfredo Vieira Gomes,1600
Largo Barbosa e Castro, Largo de Sao Paulo,2300
Rua do Souto, Rua do Lameirao,5000
Largo de Sao Francisco, Rua do Rego,4300
Praca do Municipio, Rua do Lameirao,1300
Largo de Maximinos, Rua do Faria,1600
Praca do Condestavel, Praca Doutor Jose Ferreira Salgado,4200
Travessa do Beco, Rua Casa do Senhor,1600
Rua Veiga de Agra, Rua Joaquim Ribeiro Moura,1400
Rua da Feira, Travessa do Condestavel,4200
Rua de Arcas, Rua Doutor Custodio Silva,4600
Rua do Alcaide, Praceta do Magisterio,1500
Largo da Praca Velha, Rua Doutor Felicissimo Campos,1800
Rua do Correlo, Avenida Conde Dom Henrique,3100
Rua do Castelo, Rua Doutor Rocha Peixoto,4000
Rua Capitao Alberto de Matos, Rua da Misericordia,5000
Rua de Macau, Rua Doutor Rocha Peixoto,4400
Rua da Granja, Rua Tanque da Veiga,2100
Rua de Santiago, Travessa do Condestavel,1800
Travessa da Cerca do Selho, Rua Inacio Jose Peixoto,4900
Largo da Madre de Deus, Rua do Cruzeiro,4400
Rua dos Biscainhos, Praca Conselheiro Torres de Almeida,2300
Rua do Forno, Rua de Amarelos,4000
Rua Almeida Garrett, Largo Barbosa e Castro,1900
Rua do Moinho Velho, Rua da Sanseriga,1100
Travessa de Longainho, Rua de Santo Tirso,1700
Largo da Madre de Deus, Rua Rei Ramiro,3900
Rua do Farto, Rua Mario Lopes da Silva,4500
Rua Sao Martinho, Rua da Mourama,2800
Rua da Fonte Lameira, Rua Pedro Ourives,2000
Rotunda Lions Clube de Braga, Circular Norte de Braga,4200
Travessa de Laranjeiras, Rua do Farto,4900
Rua Dom Gualdim Pais, Rua Dom Frei Caetano Brandao,3100
Largo de Santiago, Rua do Lameirao,2500
Rua 5 de Outubro, Rua Direita,1100
Travessa dos Gaiteiros, Rua da Bela Vista,2900
Rua Irmaos Roby, Rua do Robalo,3300
Travessa do Beco, Rua Damiao de Gois,3900
Rua da Escola, Largo Nossa Senhora da Boa Luz,600
Rua Cardoso Avelino, Rua 5 de Outubro,800
Travessa de Longainho, Rua da Calcada,5000
Rua da Granja, Rua da Sanseriga,600
Rua dos Falcoes, Rua do Paco,1000
Calcada de Cones, Praca Conselheiro Torres de Almeida,500
Rua do Anjo, Rua de Macau,3000
Rua de Sao Bentinho, Rua Fotografo Arcelino,1900
Rua do Portelo, Rua Oneca Mendes,2800
Rua do Faria, Rua Professor Mota Leite,2500
Travessa Martim Moniz, Rua Capitao Alberto de Matos,4700
Rua Ponte de Pereiros, Rua das Portas,1600
Rua dos Falcoes, Rua Damiao de Gois,1200
Rua Cremildo Pereira, Rua 5 de Outubro,3100
Rua de Sao Sebastiao, Praca Doutor Jose Ferreira Salgado,2800
Rua Alfredo Vieira Gomes, Rua Sao Martinho,3700
Rua Nossa Senhora do Leite, Rua dos Biscainhos,1100
Rua de Janes, Avenida Imaculada Conceicao,4900
Rua do Portelo, Rua Armando Rodrigues,2500
Rua de St Antonio, Rua Ponte de Pereiros,4800
Rua do Visconde de Pindela, Rua Campo das Parretas,1800
Rua Poca de Chidelas, Travessa A da Boavista,2100
Travessa do Beco, Rua Magalhaes Lima,4900
Travessa da Arrufina, Rua Casa do Senhor,1500
Rua Casa do Senhor, Rua do Burgo,3900
Campo das Hortas, Rua da Aldeia,4400
Travessa de Longainho, Rua Professor Abel Salazar,4600
Rua Manuel Tomaz, Rua da Boavista,4400
Rua dos Capelistas, Avenida 25 de Abril,2700
Rua de Sao Paulo, Travessa da Mourama,3200
Rua Prof. Antonio Marques Dias da Silva, Rua 5 de Outubro,1200
Rua Manuel Peixoto, Rua de Sao Joao,4600
Avenida 25 de Abril, Rua Dr. Avelino Pereira de Carvalho,2400
Rua de Sao Joao, Rua da Mourama,1200
Rua da Aldeia de Cima, Rua do Caires,900
Avenida Sao Miguel-o-Anjo, Rua Padre Martinho da Silva,2800
Rua Nossa Senhora do Leite, Rua da Bela Vista,4700
Rua Dom Gualdim Pais, Rua Cruz de Pedra,2300
Rua Joaquim Ferreira da Silva, Rua de Mirao,1000
Rua Francisco Sanches, Travessa A da Boavista,4200
Rotunda Lions Clube de Braga, Rua da Fontinha,2600
Rua Manuel Tomaz, Praca Doutor Jose Ferreira Salgado,700
Largo Leoes do Penedo, Largo 12 de Dezembro,4300
Travessa A da Boavista, Travessa Professor Joaquim Garcia Guimaraes,2100
Rua da Feira, Rua Damiao de Gois,4500
Rua Nova da Estacao, Travessa A da Boavista,3300
Largo de Sao Paulo, Rua da Naia,2600
Travessa de Caires, Rua de Barredo,2600
Praceta de S.Tiago, Rua de Santa Tecla,900
Travessa Padre Cruz, Rua dos Capelistas,2500
Rua Nova da Estacao, Avenida Sao Miguel-o-Anjo,3700
Rua dos Capelistas, Rua Manuel Joaquim Gomes,800
Travessa da Mourama, Rua Juiz Antonio Candido Gomes,4000
Avenida Orfaos de Sao Caetano, Rua de Portas,3800
Praca Camilo Castelo Branco, Rua da Fontinha,1200
Rua do Pelourinho, Rua da Escola,4700
Rua Rei Ramiro, Travessa A da Boavista,3500
Rotunda Santos da Cunha, Rua Nova da Estacao,1700
Rua Dom Goncalo Pereira, Largo da Madre de Deus,4900
Rua Capitao Alberto de Matos, Rua da Boavista,3600
Rua Dom Paio Mendes, Rua da Naia,700
Rua Manuel Joaquim Gomes, Rua de St Antonio,3700
Rua das Quintaes, Rua da Bela Vista,3200
Rua Cidade do Porto, Rua Andrade Corvo,2500
Rua do Longainho, Rua do Alcaide,3400
Praceta Padre Sena de Freitas, Largo da Alegria,700
Rua da Bela Vista, Rua Irmaos Roby,800
Rua Comendador Santos da Cunha, Rua das Portas,3600
Travessa A da Boavista, Rua Luis de Camoes,5000
Avenida Sao Pedro de Maximinos, Rua Andrade Corvo,1400